{"accuracy": 0.778125, "precision": 0.8765008576329331, "recall": 0.6435768261964736, "f1_score": 0.7421931735657226}